S6,S15
S6,S2
S6,S13
S6,S14
S6,S7
S6,S1
S6,S9
S6,S5
S6,S11
S6,S12
S15,S2
S15,S13
S15,S11
S15,S14
S15,S7
S15,S3
S15,S5
S15,S9
S15,S4
S15,S12
S2,S10
S2,S13
S2,S14
S2,S8
S2,S11
S2,S7
S2,S3
S2,S9
S2,S5
S2,S4
S2,S12
S4,S10
S4,S13
S4,S14
S4,S8
S4,S7
S4,S3
S4,S9
S4,S5
S4,S11
S10,S13
S10,S8
S10,S14
S10,S11
S10,S7
S10,S3
S10,S9
S10,S5
S8,S13
S8,S14
S8,S11
S8,S7
S8,S3
S8,S9
S8,S5
S13,S14
S13,S11
S13,S7
S13,S3
S13,S1
S13,S9
S13,S5
S14,S11
S14,S7
S14,S3
S14,S1
S14,S9
S14,S5
S14,S12
S7,S11
S7,S3
S7,S1
S7,S5
S7,S9
S3,S11
S3,S9
S3,S5
S1,S5
S1,S11
S9,S11
S9,S5
S9,S12
S5,S11
S9,S12
S9,S4
S9,S10
S9,S2
S9,S14
S9,S7
S9,S11
S9,S15
S9,S13
S9,S8
S9,S3
S9,S5
S9,S6
S12,S2
S12,S15
S12,S14
S12,S6
S2,S10
S2,S4
S2,S14
S2,S7
S2,S11
S2,S15
S2,S13
S2,S8
S2,S3
S2,S5
S2,S6
S4,S10
S4,S14
S4,S7
S4,S11
S4,S15
S4,S13
S4,S8
S4,S3
S4,S5
S14,S10
S14,S7
S14,S11
S14,S15
S14,S13
S14,S8
S14,S3
S14,S1
S14,S5
S14,S6
S7,S10
S7,S11
S7,S15
S7,S13
S7,S8
S7,S3
S7,S1
S7,S5
S7,S6
S11,S10
S11,S15
S11,S13
S11,S8
S11,S3
S11,S1
S11,S5
S11,S6
S5,S15
S5,S13
S5,S8
S5,S3
S5,S1
S5,S10
S5,S6
S15,S13
S15,S3
S15,S6
S13,S10
S13,S8
S13,S3
S13,S1
S13,S6
S8,S10
S8,S3
S3,S10
S1,S6
S10,S3
S10,S14
S10,S8
S10,S9
S10,S7
S10,S5
S10,S11
S10,S4
S10,S13
S10,S2
S3,S14
S3,S15
S3,S8
S3,S9
S3,S7
S3,S5
S3,S11
S3,S4
S3,S13
S3,S2
S14,S6
S14,S15
S14,S8
S14,S9
S14,S1
S14,S7
S14,S5
S14,S11
S14,S4
S14,S13
S14,S2
S14,S12
S12,S15
S12,S9
S12,S2
S12,S6
S15,S6
S15,S9
S15,S7
S15,S5
S15,S11
S15,S4
S15,S13
S15,S2
S8,S9
S8,S7
S8,S5
S8,S11
S8,S4
S8,S13
S8,S2
S9,S6
S9,S7
S9,S5
S9,S11
S9,S4
S9,S13
S9,S2
S1,S7
S1,S5
S1,S11
S1,S13
S1,S6
S7,S5
S7,S11
S7,S4
S7,S13
S7,S2
S7,S6
S11,S5
S11,S4
S11,S13
S11,S2
S11,S6
S5,S4
S5,S13
S5,S2
S5,S6
S4,S13
S4,S2
S13,S2
S13,S6
S2,S6
S6,S14
S6,S13
S6,S12
S6,S2
S6,S15
S6,S9
S6,S1
S6,S5
S6,S7
S6,S11
S14,S13
S14,S12
S14,S2
S14,S15
S14,S9
S14,S10
S14,S5
S14,S1
S14,S7
S14,S3
S14,S8
S14,S11
S14,S4
S13,S2
S13,S15
S13,S9
S13,S10
S13,S5
S13,S1
S13,S7
S13,S3
S13,S8
S13,S11
S13,S4
S12,S2
S12,S15
S12,S9
S2,S15
S2,S9
S2,S10
S2,S5
S2,S7
S2,S3
S2,S8
S2,S11
S2,S4
S1,S5
S1,S7
S1,S11
S9,S15
S9,S10
S9,S5
S9,S7
S9,S3
S9,S8
S9,S11
S9,S4
S10,S5
S10,S7
S10,S3
S10,S8
S10,S11
S10,S4
S5,S15
S5,S7
S5,S3
S5,S8
S5,S11
S5,S4
S15,S7
S15,S3
S15,S11
S15,S4
S7,S3
S7,S8
S7,S11
S7,S4
S3,S8
S3,S11
S3,S4
S8,S11
S8,S4
S11,S4
S6,S14
S6,S13
S6,S12
S6,S2
S6,S15
S6,S9
S6,S1
S6,S5
S6,S7
S6,S11
S14,S13
S14,S12
S14,S2
S14,S15
S14,S9
S14,S10
S14,S5
S14,S1
S14,S7
S14,S3
S14,S8
S14,S11
S14,S4
S13,S2
S13,S15
S13,S9
S13,S10
S13,S5
S13,S1
S13,S7
S13,S3
S13,S8
S13,S11
S13,S4
S12,S2
S12,S15
S12,S9
S2,S15
S2,S9
S2,S10
S2,S5
S2,S7
S2,S3
S2,S8
S2,S11
S2,S4
S1,S5
S1,S7
S1,S11
S9,S15
S9,S10
S9,S5
S9,S7
S9,S3
S9,S8
S9,S11
S9,S4
S10,S5
S10,S7
S10,S3
S10,S8
S10,S11
S10,S4
S5,S15
S5,S7
S5,S3
S5,S8
S5,S11
S5,S4
S15,S7
S15,S3
S15,S11
S15,S4
S7,S3
S7,S8
S7,S11
S7,S4
S3,S8
S3,S11
S3,S4
S8,S11
S8,S4
S11,S4
